{
  "total_registros": 983358,
  "años": [
    1970
  ],
  "buques_unicos": 186,
  "especies_unicas": 230,
  "puertos_unicos": 15,
  "peso_total": 314084833.42999995,
  "facturacion_total": 734504916.2853,
  "precio_medio": 2.338555823482636
}